Kenmerk;Post2Naam
Fietsen;Voorzien-uit
Fietsen;Onderhouden
Fietsen;Voorzien-in
Fietsen;Bevoorraden
Gereedschap;Voorzien-in
Gereedschap;Onderhouden
Gereedschap;Voorzien-uit
Gereedschap;Bevoorraden
Gezin;Bevoorraden
Gezin;Verzekeren
Gezin;Drinken
Gezin;Schenken
Gezin;Gokken
Gezin;Verbruiken
Gezin;Bankieren
Gezin;Belasten
Gezin;Reinigen
Gezin;Overschrijven
Gezin;Bewateren
Gezin;Opnemen
Gezin;Communiceren
Gezin;Lezen
Gezin;Voeden
Gezin;Sporten
Gezin;Uitgaan
Gezin;Reizen
Gezin;Versnaperen
Hond;Voorzien-uit
Hond;Voorzien-in
Hond;Belasten
Hond;Bevoorraden
Hond;Voeden
Huis;Onderhouden
Huis;Verzekeren
Huis;Belasten
Huis;Financieren
Huishoudapparatuur;Voorzien-in
Huishoudapparatuur;Bevoorraden
Huishoudapparatuur;Onderhouden
Huishoudapparatuur;Voorzien-uit
IT-apparatuur;Voorzien-uit
IT-apparatuur;Voorzien-in
IT-apparatuur;Bevoorraden
IT-apparatuur;Onderhouden
Ix20;Verzekeren
Ix20;Reinigen
Ix20;Bevoorraden
Ix20;Voorzien-in
Ix20;Voorzien-uit
Ix20;Onderhouden
Ix20;Aftanken
Ix20;Parkeren
Ix20;Belasten
Joke;Overschrijven
Joke;Werken
Joke;Verzorgen
Joke;Hobbyen
Joke;Opnemen
Joke;Opleiden
Joke;Gokken
Joke;Sporten
Joke;Drinken
Joke;Bevoorraden
Joke;Schenken
Joke;Communiceren
Joke;Bankieren
Joke;Verzekeren
Joke;Voeden
Joke;Knippen
Joke;Versnaperen
Joke;Voorzien
Joke;Reizen
Joke;Lezen
Joke;Uitgaan
Joke;Kleden
Joke;Bekeuren
Joke;Belasten
Joke;Transporteren
Jos;Opleiden
Jos;Uitkeren
Jos;Financieren
Meubels;Voorzien-in
Meubels;Onderhouden
Meubels;Voorzien-uit
Meubels;Bevoorraden
Robert;Lezen
Robert;Versnaperen
Robert;Reizen
Robert;Uitgaan
Robert;Verzorgen
Robert;Communiceren
Robert;Sporten
Robert;Hobbyen
Robert;Kleden
Robert;Werken
Robert;Opnemen
Robert;Bankieren
Robert;Gokken
Robert;Overschrijven
Robert;Bekeuren
Robert;Verzekeren
Robert;Voorzien
Robert;Belasten
Robert;Transporteren
Robert;Bevoorraden
Robert;Voeden
Robert;Schenken
Robert;Knippen
Robert;Opleiden
Robert;Drinken
Tuin;Onderhouden
Tuin;Voorzien-uit
Tuin;Voorzien-in
Tuin;Bevoorraden
Vera;Opleiden
Vera;Financieren
Vera;Uitkeren
